{"yomvz": 0.15229862550285422, "htaux": 0.8311420689531123, "xzkus": 0.07677546316955464, "vusbb": 0.2878374440612891, "keeal": 0.6802278722018094, "odtkv": 0.4230877078148204, "izxrw": 0.710203000716487, "avfot": 0.5445423323507811, "vbzvq": 0.3964079004910578, "jgyno": 0.049258479440238534, "mwgof": 0.003643278561806129, "tvdvx": 0.8288129453269006, "uqwha": 0.6617788454554681, "cjxdk": 0.9693908079172873, "xldji": 0.8048590082286907, "vbxrm": 0.4767175896946534, "xnycp": 0.5271614781630528, "uimjp": 0.2815809200890288, "tsqrb": 0.6073136571691926, "ttogl": 0.8989040184064347}